,mean_fit_time,std_fit_time,mean_score_time,std_score_time,param_alpha,param_hidden_layer_sizes,param_max_iter,params,split0_test_score,split1_test_score,split2_test_score,split3_test_score,split4_test_score,mean_test_score,std_test_score,rank_test_score
0,1.0648539543151856,0.28764452195496104,0.0009996891021728516,0.0012244452732793562,0.0001,"(50,)",500,"{'alpha': 0.0001, 'hidden_layer_sizes': (50,), 'max_iter': 500}",0.5466893039049237,0.5738539898132428,0.5840407470288624,0.5398981324278438,0.5144312393887945,0.5517826825127334,0.02485976939588879,40
1,1.0465384006500245,0.31576836734907654,0.0028246402740478515,0.0018047994701995765,0.0001,"(50,)",1000,"{'alpha': 0.0001, 'hidden_layer_sizes': (50,), 'max_iter': 1000}",0.5466893039049237,0.5738539898132428,0.5840407470288624,0.5398981324278438,0.5144312393887945,0.5517826825127334,0.02485976939588879,40
2,1.0815992832183838,0.2572799288652977,0.0035967350006103514,0.003718493937436849,0.0001,"(50,)",1500,"{'alpha': 0.0001, 'hidden_layer_sizes': (50,), 'max_iter': 1500}",0.5466893039049237,0.5738539898132428,0.5840407470288624,0.5398981324278438,0.5144312393887945,0.5517826825127334,0.02485976939588879,40
3,2.687595510482788,0.7936874474370206,0.002337026596069336,0.0022054120158070244,0.0001,"(100, 50)",500,"{'alpha': 0.0001, 'hidden_layer_sizes': (100, 50), 'max_iter': 500}",0.5483870967741935,0.5721561969439728,0.6112054329371817,0.5704584040747029,0.5093378607809848,0.5623089983022072,0.033328672964867585,1
4,2.7124939441680906,0.78887008773779,0.003347492218017578,0.0023202321505614455,0.0001,"(100, 50)",1000,"{'alpha': 0.0001, 'hidden_layer_sizes': (100, 50), 'max_iter': 1000}",0.5483870967741935,0.5721561969439728,0.6112054329371817,0.5704584040747029,0.5093378607809848,0.5623089983022072,0.033328672964867585,1
5,2.828803825378418,0.8712352341980147,0.0027187824249267577,0.0030739254667763076,0.0001,"(100, 50)",1500,"{'alpha': 0.0001, 'hidden_layer_sizes': (100, 50), 'max_iter': 1500}",0.5483870967741935,0.5721561969439728,0.6112054329371817,0.5704584040747029,0.5093378607809848,0.5623089983022072,0.033328672964867585,1
6,9.97715973854065,2.8659860327164366,0.007460689544677735,0.003554817856595986,0.0001,"(100, 100, 100)",500,"{'alpha': 0.0001, 'hidden_layer_sizes': (100, 100, 100), 'max_iter': 500}",0.5195246179966044,0.5297113752122241,0.5382003395585738,0.533106960950764,0.5195246179966044,0.5280135823429541,0.007439355619764555,94
7,10.044420671463012,2.8934675320591947,0.006496143341064453,0.004180998787607797,0.0001,"(100, 100, 100)",1000,"{'alpha': 0.0001, 'hidden_layer_sizes': (100, 100, 100), 'max_iter': 1000}",0.5195246179966044,0.5297113752122241,0.5382003395585738,0.533106960950764,0.5195246179966044,0.5280135823429541,0.007439355619764555,94
8,9.938692045211791,2.8544202654374806,0.003875875473022461,0.0020548178768153656,0.0001,"(100, 100, 100)",1500,"{'alpha': 0.0001, 'hidden_layer_sizes': (100, 100, 100), 'max_iter': 1500}",0.5195246179966044,0.5297113752122241,0.5382003395585738,0.533106960950764,0.5195246179966044,0.5280135823429541,0.007439355619764555,94
9,2.9711822032928468,0.9955531895240015,0.0037613868713378905,0.0029382793038847236,0.0001,"(50, 50, 50)",500,"{'alpha': 0.0001, 'hidden_layer_sizes': (50, 50, 50), 'max_iter': 500}",0.5415959252971138,0.5314091680814941,0.533106960950764,0.5619694397283531,0.49575551782682514,0.53276740237691,0.021459457126417593,82
10,2.82039737701416,0.9690180723969786,0.002021455764770508,0.0017833321332527282,0.0001,"(50, 50, 50)",1000,"{'alpha': 0.0001, 'hidden_layer_sizes': (50, 50, 50), 'max_iter': 1000}",0.5415959252971138,0.5314091680814941,0.533106960950764,0.5619694397283531,0.49575551782682514,0.53276740237691,0.021459457126417593,82
11,2.7943225383758543,1.0046033739420934,0.0004222393035888672,0.0006061079725124341,0.0001,"(50, 50, 50)",1500,"{'alpha': 0.0001, 'hidden_layer_sizes': (50, 50, 50), 'max_iter': 1500}",0.5415959252971138,0.5314091680814941,0.533106960950764,0.5619694397283531,0.49575551782682514,0.53276740237691,0.021459457126417593,82
12,5.657594490051269,1.2140404504003197,0.004671430587768555,0.001547551071159526,0.0001,"(50, 100, 50)",500,"{'alpha': 0.0001, 'hidden_layer_sizes': (50, 100, 50), 'max_iter': 500}",0.5500848896434635,0.5551782682512734,0.568760611205433,0.5382003395585738,0.5212224108658744,0.5466893039049237,0.01607084491164582,55
13,5.7489705085754395,1.1872074012012437,0.004567527770996093,0.0027813103778726853,0.0001,"(50, 100, 50)",1000,"{'alpha': 0.0001, 'hidden_layer_sizes': (50, 100, 50), 'max_iter': 1000}",0.5500848896434635,0.5551782682512734,0.568760611205433,0.5382003395585738,0.5212224108658744,0.5466893039049237,0.01607084491164582,55
14,5.719711446762085,1.0954957921182003,0.0033635616302490233,0.002863186981034278,0.0001,"(50, 100, 50)",1500,"{'alpha': 0.0001, 'hidden_layer_sizes': (50, 100, 50), 'max_iter': 1500}",0.5500848896434635,0.5551782682512734,0.568760611205433,0.5382003395585738,0.5212224108658744,0.5466893039049237,0.01607084491164582,55
15,1.3457587718963624,0.2774991712323498,0.0034768104553222655,0.0032658315480127128,0.0001,"(100,)",500,"{'alpha': 0.0001, 'hidden_layer_sizes': (100,), 'max_iter': 500}",0.5534804753820034,0.5823429541595926,0.5534804753820034,0.5517826825127334,0.5382003395585738,0.5558573853989813,0.014430240652547244,16
16,1.2824888706207276,0.2567649920160369,0.0021588802337646484,0.0019372714342652218,0.0001,"(100,)",1000,"{'alpha': 0.0001, 'hidden_layer_sizes': (100,), 'max_iter': 1000}",0.5534804753820034,0.5823429541595926,0.5534804753820034,0.5517826825127334,0.5382003395585738,0.5558573853989813,0.014430240652547244,16
17,1.2503000736236571,0.24776815143945422,0.006340932846069336,0.0032141662417173394,0.0001,"(100,)",1500,"{'alpha': 0.0001, 'hidden_layer_sizes': (100,), 'max_iter': 1500}",0.5534804753820034,0.5823429541595926,0.5534804753820034,0.5517826825127334,0.5382003395585738,0.5558573853989813,0.014430240652547244,16
18,1.2153754234313965,0.19084330113982337,0.0031335830688476564,0.003244296828596104,0.001,"(50,)",500,"{'alpha': 0.001, 'hidden_layer_sizes': (50,), 'max_iter': 500}",0.5619694397283531,0.5789473684210527,0.5721561969439728,0.5382003395585738,0.5127334465195246,0.5528013582342954,0.02433476790107834,34
19,1.1861083984375,0.1827870107204847,0.004269218444824219,0.0015832819215811232,0.001,"(50,)",1000,"{'alpha': 0.001, 'hidden_layer_sizes': (50,), 'max_iter': 1000}",0.5619694397283531,0.5789473684210527,0.5721561969439728,0.5382003395585738,0.5127334465195246,0.5528013582342954,0.02433476790107834,34
20,1.2148511409759521,0.1739142174215109,0.0024900913238525392,0.0015320978644201805,0.001,"(50,)",1500,"{'alpha': 0.001, 'hidden_layer_sizes': (50,), 'max_iter': 1500}",0.5619694397283531,0.5789473684210527,0.5721561969439728,0.5382003395585738,0.5127334465195246,0.5528013582342954,0.02433476790107834,34
21,2.864850664138794,0.74792987709243,0.005068159103393555,0.0017150684699536287,0.001,"(100, 50)",500,"{'alpha': 0.001, 'hidden_layer_sizes': (100, 50), 'max_iter': 500}",0.5517826825127334,0.5466893039049237,0.5619694397283531,0.5483870967741935,0.5110356536502547,0.5439728353140916,0.01730083423138469,58
22,2.921310234069824,0.7119260539805398,0.004883003234863281,0.004443569001555835,0.001,"(100, 50)",1000,"{'alpha': 0.001, 'hidden_layer_sizes': (100, 50), 'max_iter': 1000}",0.5517826825127334,0.5466893039049237,0.5619694397283531,0.5483870967741935,0.5110356536502547,0.5439728353140916,0.01730083423138469,58
23,2.9734354972839356,0.7667608185212864,0.004069280624389648,0.003000650572118534,0.001,"(100, 50)",1500,"{'alpha': 0.001, 'hidden_layer_sizes': (100, 50), 'max_iter': 1500}",0.5517826825127334,0.5466893039049237,0.5619694397283531,0.5483870967741935,0.5110356536502547,0.5439728353140916,0.01730083423138469,58
24,9.98170108795166,3.2682678392157007,0.0049915313720703125,0.0033917201850032926,0.001,"(100, 100, 100)",500,"{'alpha': 0.001, 'hidden_layer_sizes': (100, 100, 100), 'max_iter': 500}",0.5093378607809848,0.5415959252971138,0.5246179966044142,0.5263157894736842,0.5161290322580645,0.5235993208828523,0.0108764803925616,103
25,10.350218725204467,3.5632689443903844,0.0038744449615478516,0.002821333480676939,0.001,"(100, 100, 100)",1000,"{'alpha': 0.001, 'hidden_layer_sizes': (100, 100, 100), 'max_iter': 1000}",0.5093378607809848,0.5415959252971138,0.5246179966044142,0.5263157894736842,0.5161290322580645,0.5235993208828523,0.0108764803925616,103
26,13.038975524902344,3.54982180627729,0.0032628059387207033,0.0016563205756651793,0.001,"(100, 100, 100)",1500,"{'alpha': 0.001, 'hidden_layer_sizes': (100, 100, 100), 'max_iter': 1500}",0.5093378607809848,0.5415959252971138,0.5246179966044142,0.5263157894736842,0.5161290322580645,0.5235993208828523,0.0108764803925616,103
27,4.545159387588501,1.281347681396783,0.003987741470336914,0.000652979547408309,0.001,"(50, 50, 50)",500,"{'alpha': 0.001, 'hidden_layer_sizes': (50, 50, 50), 'max_iter': 500}",0.5619694397283531,0.5483870967741935,0.5212224108658744,0.5534804753820034,0.5263157894736842,0.5422750424448217,0.015803159630859202,67
28,3.9018375873565674,1.5150138667801825,0.0025325775146484374,0.0021222350966019214,0.001,"(50, 50, 50)",1000,"{'alpha': 0.001, 'hidden_layer_sizes': (50, 50, 50), 'max_iter': 1000}",0.5619694397283531,0.5483870967741935,0.5212224108658744,0.5534804753820034,0.5263157894736842,0.5422750424448217,0.015803159630859202,67
29,3.523862361907959,1.3550190974843568,0.005248403549194336,0.002429229212767746,0.001,"(50, 50, 50)",1500,"{'alpha': 0.001, 'hidden_layer_sizes': (50, 50, 50), 'max_iter': 1500}",0.5619694397283531,0.5483870967741935,0.5212224108658744,0.5534804753820034,0.5263157894736842,0.5422750424448217,0.015803159630859202,67
30,7.059752464294434,2.114834682355119,0.0028944492340087892,0.0020796415120133923,0.001,"(50, 100, 50)",500,"{'alpha': 0.001, 'hidden_layer_sizes': (50, 100, 50), 'max_iter': 500}",0.5449915110356537,0.5127334465195246,0.5789473684210527,0.5551782682512734,0.5076400679117148,0.5398981324278438,0.026693710026531148,73
31,7.17665376663208,2.197043986203537,0.007223796844482422,0.008042661723187882,0.001,"(50, 100, 50)",1000,"{'alpha': 0.001, 'hidden_layer_sizes': (50, 100, 50), 'max_iter': 1000}",0.5449915110356537,0.5127334465195246,0.5789473684210527,0.5551782682512734,0.5076400679117148,0.5398981324278438,0.026693710026531148,73
32,7.172612428665161,1.9579222700829275,0.0019563674926757813,0.0025324295186079965,0.001,"(50, 100, 50)",1500,"{'alpha': 0.001, 'hidden_layer_sizes': (50, 100, 50), 'max_iter': 1500}",0.5449915110356537,0.5127334465195246,0.5789473684210527,0.5551782682512734,0.5076400679117148,0.5398981324278438,0.026693710026531148,73
33,1.6863577842712403,0.3614873494651094,0.00011010169982910157,0.00022020339965820316,0.001,"(100,)",500,"{'alpha': 0.001, 'hidden_layer_sizes': (100,), 'max_iter': 500}",0.5636672325976231,0.5772495755517827,0.5534804753820034,0.5415959252971138,0.5432937181663837,0.5558573853989813,0.013307923899670913,16
34,1.6278793811798096,0.32974088614686553,0.0024336814880371095,0.002678128897100286,0.001,"(100,)",1000,"{'alpha': 0.001, 'hidden_layer_sizes': (100,), 'max_iter': 1000}",0.5636672325976231,0.5772495755517827,0.5534804753820034,0.5415959252971138,0.5432937181663837,0.5558573853989813,0.013307923899670913,16
35,1.584895420074463,0.3197147894893037,0.007213783264160156,0.005402374439716942,0.001,"(100,)",1500,"{'alpha': 0.001, 'hidden_layer_sizes': (100,), 'max_iter': 1500}",0.5636672325976231,0.5772495755517827,0.5534804753820034,0.5415959252971138,0.5432937181663837,0.5558573853989813,0.013307923899670913,16
36,1.5076102256774901,0.18827932546465584,0.0023583889007568358,0.0020572880235908493,0.01,"(50,)",500,"{'alpha': 0.01, 'hidden_layer_sizes': (50,), 'max_iter': 500}",0.5721561969439728,0.5738539898132428,0.5738539898132428,0.5415959252971138,0.5144312393887945,0.5551782682512733,0.023793341991653442,25
37,1.4717129230499268,0.18721631059961646,0.004086828231811524,0.0037040284055638337,0.01,"(50,)",1000,"{'alpha': 0.01, 'hidden_layer_sizes': (50,), 'max_iter': 1000}",0.5721561969439728,0.5738539898132428,0.5738539898132428,0.5415959252971138,0.5144312393887945,0.5551782682512733,0.023793341991653442,25
38,1.5020638465881349,0.17303475939021437,0.0026546478271484374,0.002179773465674025,0.01,"(50,)",1500,"{'alpha': 0.01, 'hidden_layer_sizes': (50,), 'max_iter': 1500}",0.5721561969439728,0.5738539898132428,0.5738539898132428,0.5415959252971138,0.5144312393887945,0.5551782682512733,0.023793341991653442,25
39,4.211890697479248,1.7356629683199072,0.007566118240356445,0.005048373228511599,0.01,"(100, 50)",500,"{'alpha': 0.01, 'hidden_layer_sizes': (100, 50), 'max_iter': 500}",0.5534804753820034,0.565365025466893,0.5806451612903226,0.5365025466893039,0.5263157894736842,0.5524617996604414,0.01949432950004393,37
40,4.253068208694458,1.4955256356542965,0.00670170783996582,0.0016938297364822454,0.01,"(100, 50)",1000,"{'alpha': 0.01, 'hidden_layer_sizes': (100, 50), 'max_iter': 1000}",0.5534804753820034,0.565365025466893,0.5806451612903226,0.5365025466893039,0.5263157894736842,0.5524617996604414,0.01949432950004393,37
41,3.7854308605194094,1.3931122924471695,0.0033243179321289064,0.0017403711233134975,0.01,"(100, 50)",1500,"{'alpha': 0.01, 'hidden_layer_sizes': (100, 50), 'max_iter': 1500}",0.5534804753820034,0.565365025466893,0.5806451612903226,0.5365025466893039,0.5263157894736842,0.5524617996604414,0.01949432950004393,37
42,11.920399236679078,1.5923919538034037,0.007059669494628907,0.0036938621008440705,0.01,"(100, 100, 100)",500,"{'alpha': 0.01, 'hidden_layer_sizes': (100, 100, 100), 'max_iter': 500}",0.5212224108658744,0.5432937181663837,0.5365025466893039,0.5365025466893039,0.5229202037351444,0.532088285229202,0.0085633414009633,85
43,11.057859468460084,1.7790160768931704,0.005329036712646484,0.0014989526551311759,0.01,"(100, 100, 100)",1000,"{'alpha': 0.01, 'hidden_layer_sizes': (100, 100, 100), 'max_iter': 1000}",0.5212224108658744,0.5432937181663837,0.5365025466893039,0.5365025466893039,0.5229202037351444,0.532088285229202,0.0085633414009633,85
44,10.062490606307984,1.628578362670724,0.004668903350830078,0.0005184179285676472,0.01,"(100, 100, 100)",1500,"{'alpha': 0.01, 'hidden_layer_sizes': (100, 100, 100), 'max_iter': 1500}",0.5212224108658744,0.5432937181663837,0.5365025466893039,0.5365025466893039,0.5229202037351444,0.532088285229202,0.0085633414009633,85
45,4.661943483352661,1.0582843516990323,0.004433107376098633,0.00048810401974592435,0.01,"(50, 50, 50)",500,"{'alpha': 0.01, 'hidden_layer_sizes': (50, 50, 50), 'max_iter': 500}",0.5263157894736842,0.5449915110356537,0.5636672325976231,0.5551782682512734,0.5212224108658744,0.5422750424448217,0.016305884147426782,67
46,5.077379846572876,1.4996405298600732,0.004796028137207031,0.0012550029978728938,0.01,"(50, 50, 50)",1000,"{'alpha': 0.01, 'hidden_layer_sizes': (50, 50, 50), 'max_iter': 1000}",0.5263157894736842,0.5449915110356537,0.5636672325976231,0.5551782682512734,0.5212224108658744,0.5422750424448217,0.016305884147426782,67
47,5.7985007762908936,1.8688609004296024,0.004453182220458984,0.0010374788674734272,0.01,"(50, 50, 50)",1500,"{'alpha': 0.01, 'hidden_layer_sizes': (50, 50, 50), 'max_iter': 1500}",0.5263157894736842,0.5449915110356537,0.5636672325976231,0.5551782682512734,0.5212224108658744,0.5422750424448217,0.016305884147426782,67
48,11.17228593826294,1.5557020862516378,0.004561042785644532,0.00102593930437853,0.01,"(50, 100, 50)",500,"{'alpha': 0.01, 'hidden_layer_sizes': (50, 100, 50), 'max_iter': 500}",0.533106960950764,0.5466893039049237,0.5551782682512734,0.5534804753820034,0.5025466893039049,0.5382003395585738,0.019446955603770955,76
49,9.287545204162598,1.0223531066877225,0.004316473007202148,0.0004234026832553805,0.01,"(50, 100, 50)",1000,"{'alpha': 0.01, 'hidden_layer_sizes': (50, 100, 50), 'max_iter': 1000}",0.533106960950764,0.5466893039049237,0.5551782682512734,0.5534804753820034,0.5025466893039049,0.5382003395585738,0.019446955603770955,76
50,7.840433549880982,0.889971030506507,0.0045416831970214845,0.0006551110106625557,0.01,"(50, 100, 50)",1500,"{'alpha': 0.01, 'hidden_layer_sizes': (50, 100, 50), 'max_iter': 1500}",0.533106960950764,0.5466893039049237,0.5551782682512734,0.5534804753820034,0.5025466893039049,0.5382003395585738,0.019446955603770955,76
51,1.5818111896514893,0.30732444627048927,0.004884099960327149,0.0031778819137613743,0.01,"(100,)",500,"{'alpha': 0.01, 'hidden_layer_sizes': (100,), 'max_iter': 500}",0.5585738539898133,0.5619694397283531,0.5500848896434635,0.5466893039049237,0.5398981324278438,0.5514431239388794,0.007992259623728232,43
52,1.5726871967315674,0.30419989546069,0.0030070781707763673,1.7283357308413797e-05,0.01,"(100,)",1000,"{'alpha': 0.01, 'hidden_layer_sizes': (100,), 'max_iter': 1000}",0.5585738539898133,0.5619694397283531,0.5500848896434635,0.5466893039049237,0.5398981324278438,0.5514431239388794,0.007992259623728232,43
53,1.497697639465332,0.31744893607233693,0.0033994674682617187,0.0010202677385859776,0.01,"(100,)",1500,"{'alpha': 0.01, 'hidden_layer_sizes': (100,), 'max_iter': 1500}",0.5585738539898133,0.5619694397283531,0.5500848896434635,0.5466893039049237,0.5398981324278438,0.5514431239388794,0.007992259623728232,43
54,1.303097677230835,0.32016822529114786,0.0028114795684814455,0.00040213216937389537,0.1,"(50,)",500,"{'alpha': 0.1, 'hidden_layer_sizes': (50,), 'max_iter': 500}",0.5415959252971138,0.5619694397283531,0.5874363327674024,0.5178268251273345,0.5076400679117148,0.5432937181663837,0.02905161240911026,64
55,1.3200459480285645,0.3422260680385674,0.0032128810882568358,0.00039714408049304153,0.1,"(50,)",1000,"{'alpha': 0.1, 'hidden_layer_sizes': (50,), 'max_iter': 1000}",0.5415959252971138,0.5619694397283531,0.5874363327674024,0.5178268251273345,0.5076400679117148,0.5432937181663837,0.02905161240911026,64
56,1.369251585006714,0.3505620478227361,0.002760028839111328,0.0003980480427733356,0.1,"(50,)",1500,"{'alpha': 0.1, 'hidden_layer_sizes': (50,), 'max_iter': 1500}",0.5415959252971138,0.5619694397283531,0.5874363327674024,0.5178268251273345,0.5076400679117148,0.5432937181663837,0.02905161240911026,64
57,3.538045120239258,0.6337411567508141,0.0048296451568603516,0.0012235063444801602,0.1,"(100, 50)",500,"{'alpha': 0.1, 'hidden_layer_sizes': (100, 50), 'max_iter': 500}",0.5551782682512734,0.5568760611205433,0.5823429541595926,0.5568760611205433,0.533106960950764,0.5568760611205433,0.01559753355226602,13
58,4.402765274047852,0.31737008430650676,0.010434436798095702,0.0125769768307906,0.1,"(100, 50)",1000,"{'alpha': 0.1, 'hidden_layer_sizes': (100, 50), 'max_iter': 1000}",0.5551782682512734,0.5568760611205433,0.5823429541595926,0.5568760611205433,0.533106960950764,0.5568760611205433,0.01559753355226602,13
59,4.293995332717896,0.7114940269425682,0.006574678421020508,0.004086788592551967,0.1,"(100, 50)",1500,"{'alpha': 0.1, 'hidden_layer_sizes': (100, 50), 'max_iter': 1500}",0.5551782682512734,0.5568760611205433,0.5823429541595926,0.5568760611205433,0.533106960950764,0.5568760611205433,0.01559753355226602,13
60,8.621983098983765,1.5157686268526849,0.009692764282226563,0.004703213752883526,0.1,"(100, 100, 100)",500,"{'alpha': 0.1, 'hidden_layer_sizes': (100, 100, 100), 'max_iter': 500}",0.5382003395585738,0.5772495755517827,0.5857385398981324,0.5517826825127334,0.5144312393887945,0.5534804753820034,0.02594902977866595,31
61,7.40808744430542,1.5220901247522731,0.005930662155151367,0.001438856855738343,0.1,"(100, 100, 100)",1000,"{'alpha': 0.1, 'hidden_layer_sizes': (100, 100, 100), 'max_iter': 1000}",0.5382003395585738,0.5772495755517827,0.5857385398981324,0.5517826825127334,0.5144312393887945,0.5534804753820034,0.02594902977866595,31
62,6.807533502578735,1.350781743298469,0.004845666885375977,0.0005155375694574035,0.1,"(100, 100, 100)",1500,"{'alpha': 0.1, 'hidden_layer_sizes': (100, 100, 100), 'max_iter': 1500}",0.5382003395585738,0.5772495755517827,0.5857385398981324,0.5517826825127334,0.5144312393887945,0.5534804753820034,0.02594902977866595,31
63,3.064003086090088,0.9292406724978172,0.003926515579223633,0.0002097958322605742,0.1,"(50, 50, 50)",500,"{'alpha': 0.1, 'hidden_layer_sizes': (50, 50, 50), 'max_iter': 500}",0.5415959252971138,0.5483870967741935,0.5925297113752123,0.5398981324278438,0.5314091680814941,0.5507640067911714,0.021571993445526114,46
64,2.9925307273864745,0.8798920391176246,0.0038625240325927735,0.0006906243058141389,0.1,"(50, 50, 50)",1000,"{'alpha': 0.1, 'hidden_layer_sizes': (50, 50, 50), 'max_iter': 1000}",0.5415959252971138,0.5483870967741935,0.5925297113752123,0.5398981324278438,0.5314091680814941,0.5507640067911714,0.021571993445526114,46
65,3.1994420528411864,0.9943584616009878,0.004464054107666015,0.0009547693712834962,0.1,"(50, 50, 50)",1500,"{'alpha': 0.1, 'hidden_layer_sizes': (50, 50, 50), 'max_iter': 1500}",0.5415959252971138,0.5483870967741935,0.5925297113752123,0.5398981324278438,0.5314091680814941,0.5507640067911714,0.021571993445526114,46
66,6.110723161697388,1.0505985883979652,0.006066656112670899,0.0018855117592641896,0.1,"(50, 100, 50)",500,"{'alpha': 0.1, 'hidden_layer_sizes': (50, 100, 50), 'max_iter': 500}",0.5534804753820034,0.5365025466893039,0.568760611205433,0.5466893039049237,0.5127334465195246,0.5436332767402376,0.01867263441068597,61
67,5.307690382003784,0.886396286560393,0.007843494415283203,0.0009744320691597979,0.1,"(50, 100, 50)",1000,"{'alpha': 0.1, 'hidden_layer_sizes': (50, 100, 50), 'max_iter': 1000}",0.5534804753820034,0.5365025466893039,0.568760611205433,0.5466893039049237,0.5127334465195246,0.5436332767402376,0.01867263441068597,61
68,4.874352073669433,0.8668167009662823,0.008880281448364257,0.011621824376201514,0.1,"(50, 100, 50)",1500,"{'alpha': 0.1, 'hidden_layer_sizes': (50, 100, 50), 'max_iter': 1500}",0.5534804753820034,0.5365025466893039,0.568760611205433,0.5466893039049237,0.5127334465195246,0.5436332767402376,0.01867263441068597,61
69,1.44559588432312,0.285966391001657,0.002801990509033203,0.002538530427125526,0.1,"(100,)",500,"{'alpha': 0.1, 'hidden_layer_sizes': (100,), 'max_iter': 500}",0.5636672325976231,0.5721561969439728,0.5517826825127334,0.5449915110356537,0.5449915110356537,0.5555178268251273,0.010759239061293596,22
70,1.4065426349639893,0.2589525754019764,0.00334315299987793,0.0030627362786933704,0.1,"(100,)",1000,"{'alpha': 0.1, 'hidden_layer_sizes': (100,), 'max_iter': 1000}",0.5636672325976231,0.5721561969439728,0.5517826825127334,0.5449915110356537,0.5449915110356537,0.5555178268251273,0.010759239061293596,22
71,1.4250434398651124,0.24730288225345956,0.002431297302246094,0.002975082604575416,0.1,"(100,)",1500,"{'alpha': 0.1, 'hidden_layer_sizes': (100,), 'max_iter': 1500}",0.5636672325976231,0.5721561969439728,0.5517826825127334,0.5449915110356537,0.5449915110356537,0.5555178268251273,0.010759239061293596,22
72,1.250752067565918,0.1436111222299373,0.0032473087310791017,0.0032110035521641855,1,"(50,)",500,"{'alpha': 1, 'hidden_layer_sizes': (50,), 'max_iter': 500}",0.5568760611205433,0.5704584040747029,0.5704584040747029,0.5246179966044142,0.5263157894736842,0.5497453310696094,0.020441313335541517,52
73,1.2122967720031739,0.12232087605759501,0.00567479133605957,0.0032919093226158745,1,"(50,)",1000,"{'alpha': 1, 'hidden_layer_sizes': (50,), 'max_iter': 1000}",0.5568760611205433,0.5704584040747029,0.5704584040747029,0.5246179966044142,0.5263157894736842,0.5497453310696094,0.020441313335541517,52
74,1.2424728870391846,0.10690714718082255,0.0031377792358398436,0.0022723814402827586,1,"(50,)",1500,"{'alpha': 1, 'hidden_layer_sizes': (50,), 'max_iter': 1500}",0.5568760611205433,0.5704584040747029,0.5704584040747029,0.5246179966044142,0.5263157894736842,0.5497453310696094,0.020441313335541517,52
75,2.6049411296844482,0.4018939922816151,0.007044363021850586,0.0038335725907454473,1,"(100, 50)",500,"{'alpha': 1, 'hidden_layer_sizes': (100, 50), 'max_iter': 500}",0.5517826825127334,0.5704584040747029,0.5755517826825127,0.5415959252971138,0.534804753820034,0.5548387096774194,0.015868687871711945,28
76,3.0406790256500242,0.5894084306589233,0.004069805145263672,0.0025009825616691727,1,"(100, 50)",1000,"{'alpha': 1, 'hidden_layer_sizes': (100, 50), 'max_iter': 1000}",0.5517826825127334,0.5704584040747029,0.5755517826825127,0.5415959252971138,0.534804753820034,0.5548387096774194,0.015868687871711945,28
77,3.0874876499176027,0.7612198899004162,0.0034480571746826174,0.0030089608001413,1,"(100, 50)",1500,"{'alpha': 1, 'hidden_layer_sizes': (100, 50), 'max_iter': 1500}",0.5517826825127334,0.5704584040747029,0.5755517826825127,0.5415959252971138,0.534804753820034,0.5548387096774194,0.015868687871711945,28
78,7.5993406772613525,1.4265041895850183,0.008098745346069336,0.005766472272548144,1,"(100, 100, 100)",500,"{'alpha': 1, 'hidden_layer_sizes': (100, 100, 100), 'max_iter': 500}",0.5772495755517827,0.5568760611205433,0.5840407470288624,0.5483870967741935,0.5263157894736842,0.5585738539898133,0.0207102895510722,7
79,9.400180387496949,2.1086259998324195,0.005077886581420899,0.0022949000234923694,1,"(100, 100, 100)",1000,"{'alpha': 1, 'hidden_layer_sizes': (100, 100, 100), 'max_iter': 1000}",0.5772495755517827,0.5568760611205433,0.5840407470288624,0.5483870967741935,0.5263157894736842,0.5585738539898133,0.0207102895510722,7
80,8.037729120254516,1.7563300006341707,0.008839559555053712,0.005615934387110227,1,"(100, 100, 100)",1500,"{'alpha': 1, 'hidden_layer_sizes': (100, 100, 100), 'max_iter': 1500}",0.5772495755517827,0.5568760611205433,0.5840407470288624,0.5483870967741935,0.5263157894736842,0.5585738539898133,0.0207102895510722,7
81,3.737848329544067,1.2120334784508604,0.003850078582763672,0.001720635455593599,1,"(50, 50, 50)",500,"{'alpha': 1, 'hidden_layer_sizes': (50, 50, 50), 'max_iter': 500}",0.5534804753820034,0.568760611205433,0.5823429541595926,0.5449915110356537,0.5415959252971138,0.5582342954159593,0.015276362484484895,10
82,3.9213601112365724,1.1670050998920334,0.002566099166870117,0.001271369669616952,1,"(50, 50, 50)",1000,"{'alpha': 1, 'hidden_layer_sizes': (50, 50, 50), 'max_iter': 1000}",0.5534804753820034,0.568760611205433,0.5823429541595926,0.5449915110356537,0.5415959252971138,0.5582342954159593,0.015276362484484895,10
83,3.716708469390869,1.112365341159174,0.0017464637756347656,0.0018699538799836202,1,"(50, 50, 50)",1500,"{'alpha': 1, 'hidden_layer_sizes': (50, 50, 50), 'max_iter': 1500}",0.5534804753820034,0.568760611205433,0.5823429541595926,0.5449915110356537,0.5415959252971138,0.5582342954159593,0.015276362484484895,10
84,3.8811630249023437,0.5787373482867924,0.0026045799255371093,0.003456959747680218,1,"(50, 100, 50)",500,"{'alpha': 1, 'hidden_layer_sizes': (50, 100, 50), 'max_iter': 500}",0.5551782682512734,0.5857385398981324,0.5755517826825127,0.5517826825127334,0.5415959252971138,0.5619694397283531,0.016213699675807557,4
85,3.817773771286011,0.5939558759989144,0.004356908798217774,0.002864195536466406,1,"(50, 100, 50)",1000,"{'alpha': 1, 'hidden_layer_sizes': (50, 100, 50), 'max_iter': 1000}",0.5551782682512734,0.5857385398981324,0.5755517826825127,0.5517826825127334,0.5415959252971138,0.5619694397283531,0.016213699675807557,4
86,3.817024803161621,0.5577933325395422,0.0035707950592041016,0.0012971564591166332,1,"(50, 100, 50)",1500,"{'alpha': 1, 'hidden_layer_sizes': (50, 100, 50), 'max_iter': 1500}",0.5551782682512734,0.5857385398981324,0.5755517826825127,0.5517826825127334,0.5415959252971138,0.5619694397283531,0.016213699675807557,4
87,1.299492645263672,0.28058490241162515,0.0016334056854248047,0.0015157681104284676,1,"(100,)",500,"{'alpha': 1, 'hidden_layer_sizes': (100,), 'max_iter': 500}",0.5772495755517827,0.5568760611205433,0.5483870967741935,0.533106960950764,0.5365025466893039,0.5504244482173174,0.015868687871711955,49
88,1.2863038539886475,0.2061553577617999,0.0008372306823730469,0.0007810557805497127,1,"(100,)",1000,"{'alpha': 1, 'hidden_layer_sizes': (100,), 'max_iter': 1000}",0.5772495755517827,0.5568760611205433,0.5483870967741935,0.533106960950764,0.5365025466893039,0.5504244482173174,0.015868687871711955,49
89,1.261199378967285,0.23407298615456767,0.0028664588928222655,0.0009810759275303063,1,"(100,)",1500,"{'alpha': 1, 'hidden_layer_sizes': (100,), 'max_iter': 1500}",0.5772495755517827,0.5568760611205433,0.5483870967741935,0.533106960950764,0.5365025466893039,0.5504244482173174,0.015868687871711955,49
90,2.4717052459716795,0.34034545019300805,0.005133342742919922,0.0032804528913734973,10,"(50,)",500,"{'alpha': 10, 'hidden_layer_sizes': (50,), 'max_iter': 500}",0.5178268251273345,0.5432937181663837,0.5432937181663837,0.5161290322580645,0.5263157894736842,0.5293718166383702,0.011879698257749352,88
91,2.3720078468322754,0.35216382882060854,0.0024582862854003905,0.0011618792554345396,10,"(50,)",1000,"{'alpha': 10, 'hidden_layer_sizes': (50,), 'max_iter': 1000}",0.5178268251273345,0.5432937181663837,0.5432937181663837,0.5161290322580645,0.5263157894736842,0.5293718166383702,0.011879698257749352,88
92,2.258746385574341,0.3055810254170871,0.005544614791870117,0.0025728219380343653,10,"(50,)",1500,"{'alpha': 10, 'hidden_layer_sizes': (50,), 'max_iter': 1500}",0.5178268251273345,0.5432937181663837,0.5432937181663837,0.5161290322580645,0.5263157894736842,0.5293718166383702,0.011879698257749352,88
93,6.021132707595825,0.4037115315401584,0.005199861526489258,0.0012599811692561257,10,"(100, 50)",500,"{'alpha': 10, 'hidden_layer_sizes': (100, 50), 'max_iter': 500}",0.5314091680814941,0.5178268251273345,0.533106960950764,0.5161290322580645,0.5076400679117148,0.5212224108658743,0.00966400643175397,106
94,5.969583654403687,0.44310616612159726,0.0020177364349365234,0.0016908230510205178,10,"(100, 50)",1000,"{'alpha': 10, 'hidden_layer_sizes': (100, 50), 'max_iter': 1000}",0.5314091680814941,0.5178268251273345,0.533106960950764,0.5161290322580645,0.5076400679117148,0.5212224108658743,0.00966400643175397,106
95,5.974895715713501,0.3292318541419626,0.002847766876220703,0.00333114368447709,10,"(100, 50)",1500,"{'alpha': 10, 'hidden_layer_sizes': (100, 50), 'max_iter': 1500}",0.5314091680814941,0.5178268251273345,0.533106960950764,0.5161290322580645,0.5076400679117148,0.5212224108658743,0.00966400643175397,106
96,9.177978134155273,0.8208454710469318,0.006065797805786133,0.0023230622802102962,10,"(100, 100, 100)",500,"{'alpha': 10, 'hidden_layer_sizes': (100, 100, 100), 'max_iter': 500}",0.5365025466893039,0.533106960950764,0.533106960950764,0.5127334465195246,0.5314091680814941,0.5293718166383701,0.008482170456228741,91
97,10.69852352142334,0.8526803742511677,0.006028890609741211,0.0013971590342367107,10,"(100, 100, 100)",1000,"{'alpha': 10, 'hidden_layer_sizes': (100, 100, 100), 'max_iter': 1000}",0.5365025466893039,0.533106960950764,0.533106960950764,0.5127334465195246,0.5314091680814941,0.5293718166383701,0.008482170456228741,91
98,9.657626867294312,0.5341066061463418,0.004956865310668945,0.0029037853476300036,10,"(100, 100, 100)",1500,"{'alpha': 10, 'hidden_layer_sizes': (100, 100, 100), 'max_iter': 1500}",0.5365025466893039,0.533106960950764,0.533106960950764,0.5127334465195246,0.5314091680814941,0.5293718166383701,0.008482170456228741,91
99,7.067198801040649,0.5619220173078072,0.0034245014190673827,0.0010698091175883509,10,"(50, 50, 50)",500,"{'alpha': 10, 'hidden_layer_sizes': (50, 50, 50), 'max_iter': 500}",0.534804753820034,0.5178268251273345,0.5483870967741935,0.499151103565365,0.5280135823429541,0.5256366723259763,0.016551521367679373,100
100,7.6740106582641605,0.3175050550235791,0.004085254669189453,0.0012651537475455313,10,"(50, 50, 50)",1000,"{'alpha': 10, 'hidden_layer_sizes': (50, 50, 50), 'max_iter': 1000}",0.534804753820034,0.5178268251273345,0.5483870967741935,0.499151103565365,0.5280135823429541,0.5256366723259763,0.016551521367679373,100
101,7.427183437347412,0.40993179946188746,0.004133415222167969,0.0009499526289516268,10,"(50, 50, 50)",1500,"{'alpha': 10, 'hidden_layer_sizes': (50, 50, 50), 'max_iter': 1500}",0.534804753820034,0.5178268251273345,0.5483870967741935,0.499151103565365,0.5280135823429541,0.5256366723259763,0.016551521367679373,100
102,6.6959305763244625,0.22801492675345222,0.006785678863525391,0.001860076017667916,10,"(50, 100, 50)",500,"{'alpha': 10, 'hidden_layer_sizes': (50, 100, 50), 'max_iter': 500}",0.5415959252971138,0.5178268251273345,0.5483870967741935,0.5110356536502547,0.5144312393887945,0.5266553480475382,0.015276362484484864,97
103,7.700958871841431,0.8485941908634277,0.0051383495330810545,0.004110637246087785,10,"(50, 100, 50)",1000,"{'alpha': 10, 'hidden_layer_sizes': (50, 100, 50), 'max_iter': 1000}",0.5415959252971138,0.5178268251273345,0.5483870967741935,0.5110356536502547,0.5144312393887945,0.5266553480475382,0.015276362484484864,97
104,8.083338928222656,0.8428430958917205,0.003759336471557617,0.0037647437621232925,10,"(50, 100, 50)",1500,"{'alpha': 10, 'hidden_layer_sizes': (50, 100, 50), 'max_iter': 1500}",0.5415959252971138,0.5178268251273345,0.5483870967741935,0.5110356536502547,0.5144312393887945,0.5266553480475382,0.015276362484484864,97
105,3.1506893157958986,0.15114168956535723,0.0018153667449951171,0.0018304326160547173,10,"(100,)",500,"{'alpha': 10, 'hidden_layer_sizes': (100,), 'max_iter': 500}",0.5517826825127334,0.5297113752122241,0.5483870967741935,0.5280135823429541,0.5246179966044142,0.5365025466893039,0.011261883838218675,79
106,3.052071046829224,0.49581574046907473,0.0045493125915527345,0.006946982841309546,10,"(100,)",1000,"{'alpha': 10, 'hidden_layer_sizes': (100,), 'max_iter': 1000}",0.5517826825127334,0.5297113752122241,0.5483870967741935,0.5280135823429541,0.5246179966044142,0.5365025466893039,0.011261883838218675,79
107,2.8348225593566894,0.32237139851629354,0.005847406387329101,0.001229627408746971,10,"(100,)",1500,"{'alpha': 10, 'hidden_layer_sizes': (100,), 'max_iter': 1500}",0.5517826825127334,0.5297113752122241,0.5483870967741935,0.5280135823429541,0.5246179966044142,0.5365025466893039,0.011261883838218675,79
