,mean_fit_time,std_fit_time,mean_score_time,std_score_time,param_max_depth,param_max_features,param_n_estimators,params,split0_test_score,split1_test_score,split2_test_score,split3_test_score,split4_test_score,mean_test_score,std_test_score,rank_test_score
0,0.026047897338867188,0.0024152755737304687,0.008886289596557618,0.000421142578125,1,1,10,"{'max_depth': 1, 'max_features': 1, 'n_estimators': 10}",0.5076400679117148,0.4295415959252971,0.5432937181663837,0.44991511035653653,0.4601018675721562,0.47809847198641764,0.04147065437221603,119
1,0.25026521682739256,0.012713746495027843,0.016971492767333986,0.0037098139312423542,1,1,100,"{'max_depth': 1, 'max_features': 1, 'n_estimators': 100}",0.4533106960950764,0.466893039049236,0.5297113752122241,0.44821731748726656,0.4363327674023769,0.46689303904923596,0.03290390912156371,120
2,0.4281012535095215,0.022979504083251237,0.028853130340576173,0.001992975704844403,1,1,200,"{'max_depth': 1, 'max_features': 1, 'n_estimators': 200}",0.47538200339558573,0.5449915110356537,0.5398981324278438,0.5263157894736842,0.4363327674023769,0.5045840407470289,0.042102524693246275,118
3,0.029312276840209962,0.005467278027847636,0.005234956741333008,0.0033225017955888394,1,2,10,"{'max_depth': 1, 'max_features': 2, 'n_estimators': 10}",0.5127334465195246,0.5415959252971138,0.5212224108658744,0.5059422750424448,0.5127334465195246,0.5188455008488966,0.012364781973536939,114
4,0.21365928649902344,0.0243640826369555,0.011911392211914062,0.004698442865390826,1,2,100,"{'max_depth': 1, 'max_features': 2, 'n_estimators': 100}",0.5449915110356537,0.5534804753820034,0.5432937181663837,0.5246179966044142,0.5246179966044142,0.5382003395585738,0.011614690238700924,94
5,0.3832037925720215,0.026455522893271972,0.024534130096435548,0.004932768839353091,1,2,200,"{'max_depth': 1, 'max_features': 2, 'n_estimators': 200}",0.5415959252971138,0.5534804753820034,0.5449915110356537,0.5263157894736842,0.5314091680814941,0.5395585738539899,0.009687838789600762,92
6,0.021894502639770507,0.002101955798133419,0.005092525482177734,0.0032171065603129197,1,3,10,"{'max_depth': 1, 'max_features': 3, 'n_estimators': 10}",0.5127334465195246,0.5568760611205433,0.5127334465195246,0.5246179966044142,0.533106960950764,0.5280135823429541,0.016355306728410623,97
7,0.1979769229888916,0.021110566282748423,0.011751651763916016,0.004586249769540767,1,3,100,"{'max_depth': 1, 'max_features': 3, 'n_estimators': 100}",0.5127334465195246,0.5432937181663837,0.5432937181663837,0.5008488964346349,0.5144312393887945,0.5229202037351443,0.01728082940577181,101
8,0.3523557186126709,0.017057197121582036,0.020858144760131835,0.003872990167835519,1,3,200,"{'max_depth': 1, 'max_features': 3, 'n_estimators': 200}",0.5127334465195246,0.5534804753820034,0.5280135823429541,0.5246179966044142,0.5161290322580645,0.5269949066213921,0.014350116542693012,99
9,0.022515058517456055,0.001724777400016396,0.003717803955078125,0.005641738559330125,1,4,10,"{'max_depth': 1, 'max_features': 4, 'n_estimators': 10}",0.5127334465195246,0.5178268251273345,0.5280135823429541,0.5195246179966044,0.5161290322580645,0.5188455008488965,0.005104684678564664,115
10,0.18499093055725097,0.0150644890706766,0.011447906494140625,0.0009811551003368092,1,4,100,"{'max_depth': 1, 'max_features': 4, 'n_estimators': 100}",0.5110356536502547,0.5432937181663837,0.5449915110356537,0.5008488964346349,0.5161290322580645,0.5232597623089983,0.017754725246046026,100
11,0.3416428089141846,0.006471528535657321,0.02186555862426758,0.002160970916744634,1,4,200,"{'max_depth': 1, 'max_features': 4, 'n_estimators': 200}",0.5127334465195246,0.5432937181663837,0.5280135823429541,0.5008488964346349,0.5144312393887945,0.5198641765704584,0.014541672737089232,104
12,0.019669818878173827,0.0013038747452453496,0.003636884689331055,0.0029833989691007076,1,5,10,"{'max_depth': 1, 'max_features': 5, 'n_estimators': 10}",0.5127334465195246,0.5178268251273345,0.5127334465195246,0.499151103565365,0.5161290322580645,0.5117147707979626,0.006584285035540004,117
13,0.16836471557617189,0.0019179041868972913,0.012983179092407227,0.00326436933373697,1,5,100,"{'max_depth': 1, 'max_features': 5, 'n_estimators': 100}",0.5110356536502547,0.5432937181663837,0.5280135823429541,0.499151103565365,0.5161290322580645,0.5195246179966044,0.015071199335261222,108
14,0.34570112228393557,0.0036299624952962476,0.01984882354736328,0.001083510496885673,1,5,200,"{'max_depth': 1, 'max_features': 5, 'n_estimators': 200}",0.5127334465195246,0.5432937181663837,0.5280135823429541,0.499151103565365,0.5144312393887945,0.5195246179966044,0.01499450062194882,108
15,0.026015520095825195,0.004284527815411651,0.0019400596618652343,0.00338450552035672,1,6,10,"{'max_depth': 1, 'max_features': 6, 'n_estimators': 10}",0.5127334465195246,0.5432937181663837,0.5280135823429541,0.5008488964346349,0.5144312393887945,0.5198641765704584,0.014541672737089232,104
16,0.17842273712158202,0.002046390935971603,0.011682558059692382,0.0029790358751349577,1,6,100,"{'max_depth': 1, 'max_features': 6, 'n_estimators': 100}",0.5127334465195246,0.5432937181663837,0.5280135823429541,0.499151103565365,0.5144312393887945,0.5195246179966044,0.01499450062194882,108
17,0.3559246063232422,0.0060477742633283085,0.019981193542480468,0.0016226879708567273,1,6,200,"{'max_depth': 1, 'max_features': 6, 'n_estimators': 200}",0.5127334465195246,0.5432937181663837,0.5280135823429541,0.499151103565365,0.5144312393887945,0.5195246179966044,0.01499450062194882,108
18,0.020747900009155273,0.0031622697505559513,0.002228832244873047,0.0038453293964943055,1,7,10,"{'max_depth': 1, 'max_features': 7, 'n_estimators': 10}",0.5127334465195246,0.5432937181663837,0.5280135823429541,0.499151103565365,0.5161290322580645,0.5198641765704584,0.014894201833250478,104
19,0.18046493530273439,0.0028575865747500397,0.012942266464233399,0.003233170127384088,1,7,100,"{'max_depth': 1, 'max_features': 7, 'n_estimators': 100}",0.5127334465195246,0.5432937181663837,0.5280135823429541,0.499151103565365,0.5161290322580645,0.5198641765704584,0.014894201833250478,104
20,0.3738106250762939,0.009131956686205355,0.020621395111083983,0.0013066249801682928,1,7,200,"{'max_depth': 1, 'max_features': 7, 'n_estimators': 200}",0.5127334465195246,0.5432937181663837,0.5280135823429541,0.499151103565365,0.5144312393887945,0.5195246179966044,0.01499450062194882,108
21,0.02244091033935547,0.003744409644979467,0.003943490982055664,0.0023956791529478705,1,8,10,"{'max_depth': 1, 'max_features': 8, 'n_estimators': 10}",0.5127334465195246,0.5432937181663837,0.5280135823429541,0.499151103565365,0.5195246179966044,0.5205432937181664,0.01478542686388948,102
22,0.19149408340454102,0.007034475035172683,0.012199878692626953,0.003639886472129955,1,8,100,"{'max_depth': 1, 'max_features': 8, 'n_estimators': 100}",0.5127334465195246,0.5432937181663837,0.5280135823429541,0.499151103565365,0.5144312393887945,0.5195246179966044,0.01499450062194882,108
23,0.3856865406036377,0.004869550864007547,0.022642135620117188,0.003239238698056576,1,8,200,"{'max_depth': 1, 'max_features': 8, 'n_estimators': 200}",0.5127334465195246,0.5432937181663837,0.5280135823429541,0.499151103565365,0.5178268251273345,0.5202037351443123,0.01482436669130261,103
24,0.021021175384521484,0.0011904946618887721,0.003428792953491211,0.0023509898975550324,3,1,10,"{'max_depth': 3, 'max_features': 1, 'n_estimators': 10}",0.5382003395585738,0.5517826825127334,0.5382003395585738,0.533106960950764,0.565365025466893,0.5453310696095076,0.011782242154769083,86
25,0.1812671661376953,0.0027586401622548594,0.011090803146362304,0.002803144845746053,3,1,100,"{'max_depth': 3, 'max_features': 1, 'n_estimators': 100}",0.5602716468590832,0.5568760611205433,0.5432937181663837,0.5297113752122241,0.5415959252971138,0.5463497453310696,0.011076065487470343,82
26,0.358829402923584,0.011462200060487177,0.02326993942260742,0.003264741569707213,3,1,200,"{'max_depth': 3, 'max_features': 1, 'n_estimators': 200}",0.5500848896434635,0.5551782682512734,0.5534804753820034,0.5263157894736842,0.5466893039049237,0.5463497453310696,0.010432795582843624,82
27,0.022597742080688477,0.0038926031312700644,0.0037456512451171874,0.004584769202300992,3,2,10,"{'max_depth': 3, 'max_features': 2, 'n_estimators': 10}",0.5449915110356537,0.5840407470288624,0.5772495755517827,0.5432937181663837,0.5568760611205433,0.5612903225806452,0.016621036673032802,68
28,0.19265308380126953,0.0027976496024452666,0.013487100601196289,0.002446430199453909,3,2,100,"{'max_depth': 3, 'max_features': 2, 'n_estimators': 100}",0.568760611205433,0.5806451612903226,0.5959252971137521,0.5432937181663837,0.5534804753820034,0.5684210526315789,0.01876502801989554,51
29,0.38674488067626955,0.0044996126777951785,0.026047325134277342,0.002801066427654748,3,2,200,"{'max_depth': 3, 'max_features': 2, 'n_estimators': 200}",0.568760611205433,0.5908319185059423,0.5806451612903226,0.5466893039049237,0.5619694397283531,0.5697792869269949,0.015208282293078907,48
30,0.028276777267456053,0.010451086780204918,0.004111480712890625,0.002432355221693077,3,3,10,"{'max_depth': 3, 'max_features': 3, 'n_estimators': 10}",0.5738539898132428,0.5942275042444821,0.5789473684210527,0.5551782682512734,0.5721561969439728,0.5748726655348048,0.012549893794618879,35
31,0.2023451805114746,0.00427645809871547,0.015164804458618165,0.0030528232361248307,3,3,100,"{'max_depth': 3, 'max_features': 3, 'n_estimators': 100}",0.5806451612903226,0.601018675721562,0.5925297113752123,0.5534804753820034,0.568760611205433,0.5792869269949067,0.0168894127204698,9
32,0.4007049560546875,0.008137281098837993,0.024652862548828126,0.00407477822690751,3,3,200,"{'max_depth': 3, 'max_features': 3, 'n_estimators': 200}",0.5789473684210527,0.6027164685908319,0.5891341256366723,0.5568760611205433,0.567062818336163,0.5789473684210525,0.016106677386256596,17
33,0.024318552017211913,0.0028595435911366834,0.004756927490234375,0.0023680680258332375,3,4,10,"{'max_depth': 3, 'max_features': 4, 'n_estimators': 10}",0.5704584040747029,0.5942275042444821,0.5942275042444821,0.5500848896434635,0.565365025466893,0.5748726655348048,0.017167028400359285,35
34,0.2101966381072998,0.0055022387079156675,0.013480806350708007,0.004002382373632068,3,4,100,"{'max_depth': 3, 'max_features': 4, 'n_estimators': 100}",0.5806451612903226,0.6027164685908319,0.5891341256366723,0.5534804753820034,0.5636672325976231,0.5779286926994907,0.017598177955653577,19
35,0.4208662509918213,0.0073984408873546525,0.02296910285949707,0.0027270720564433137,3,4,200,"{'max_depth': 3, 'max_features': 4, 'n_estimators': 200}",0.5789473684210527,0.6027164685908319,0.5908319185059423,0.5551782682512734,0.565365025466893,0.5786078098471987,0.01705922809790217,18
36,0.03163433074951172,0.00657204888582179,0.0030127525329589843,0.0037160486321992487,3,5,10,"{'max_depth': 3, 'max_features': 5, 'n_estimators': 10}",0.5789473684210527,0.5959252971137521,0.5959252971137521,0.5483870967741935,0.567062818336163,0.5772495755517827,0.01809563680064411,23
37,0.22779226303100586,0.005910401996365394,0.012939643859863282,0.0017600635773891372,3,5,100,"{'max_depth': 3, 'max_features': 5, 'n_estimators': 100}",0.5789473684210527,0.6027164685908319,0.5908319185059423,0.5517826825127334,0.5636672325976231,0.5775891341256367,0.018266862691086964,22
38,0.44527764320373536,0.0075286928127879715,0.02319626808166504,0.005106615740082756,3,5,200,"{'max_depth': 3, 'max_features': 5, 'n_estimators': 200}",0.5738539898132428,0.6061120543293718,0.5891341256366723,0.5517826825127334,0.5636672325976231,0.5769100169779287,0.019069773965499442,26
39,0.026270151138305664,0.001876487448493136,0.0032201290130615236,0.0023037917656322376,3,6,10,"{'max_depth': 3, 'max_features': 6, 'n_estimators': 10}",0.5772495755517827,0.597623089983022,0.5891341256366723,0.5534804753820034,0.567062818336163,0.5769100169779288,0.01564919337426541,24
40,0.23387980461120605,0.0036668366509256607,0.012436294555664062,0.0011571488441258061,3,6,100,"{'max_depth': 3, 'max_features': 6, 'n_estimators': 100}",0.5789473684210527,0.597623089983022,0.5857385398981324,0.5534804753820034,0.5619694397283531,0.5755517826825127,0.015962864887664727,32
41,0.4735044002532959,0.014654114504950608,0.026289033889770507,0.0037231623771798697,3,6,200,"{'max_depth': 3, 'max_features': 6, 'n_estimators': 200}",0.5789473684210527,0.597623089983022,0.5874363327674024,0.5534804753820034,0.5636672325976231,0.5762308998302207,0.01591222344836669,28
42,0.029622840881347656,0.0014871180655609882,0.003297901153564453,0.0033164962677121696,3,7,10,"{'max_depth': 3, 'max_features': 7, 'n_estimators': 10}",0.5789473684210527,0.597623089983022,0.5806451612903226,0.5534804753820034,0.5568760611205433,0.5735144312393887,0.016369400058667494,40
43,0.2444763660430908,0.0037605422436277117,0.01289815902709961,0.0023957281259571342,3,7,100,"{'max_depth': 3, 'max_features': 7, 'n_estimators': 100}",0.5772495755517827,0.599320882852292,0.5857385398981324,0.5534804753820034,0.5636672325976231,0.5758913412563668,0.01612098807534019,29
44,0.49340176582336426,0.012542655633305432,0.02132587432861328,0.002311793796227174,3,7,200,"{'max_depth': 3, 'max_features': 7, 'n_estimators': 200}",0.5755517826825127,0.6044142614601019,0.5823429541595926,0.5517826825127334,0.5636672325976231,0.5755517826825127,0.01780660183650514,32
45,0.03375568389892578,0.006564657890116974,0.0038095951080322266,0.0005449336184972892,3,8,10,"{'max_depth': 3, 'max_features': 8, 'n_estimators': 10}",0.5721561969439728,0.5942275042444821,0.5772495755517827,0.5517826825127334,0.5483870967741935,0.568760611205433,0.01694393881137473,50
46,0.2545433044433594,0.004574564563498661,0.014885616302490235,0.003860156635582342,3,8,100,"{'max_depth': 3, 'max_features': 8, 'n_estimators': 100}",0.567062818336163,0.601018675721562,0.5806451612903226,0.5178268251273345,0.5365025466893039,0.5606112054329371,0.029958227504397677,70
47,0.5107264518737793,0.006942712181446814,0.02458953857421875,0.002722560401466567,3,8,200,"{'max_depth': 3, 'max_features': 8, 'n_estimators': 200}",0.5738539898132428,0.599320882852292,0.5806451612903226,0.5500848896434635,0.533106960950764,0.5674023769100169,0.0232888668244241,53
48,0.02113332748413086,0.003060938885042605,0.004936313629150391,0.003064353629561412,5,1,10,"{'max_depth': 5, 'max_features': 1, 'n_estimators': 10}",0.5466893039049237,0.5891341256366723,0.5721561969439728,0.5517826825127334,0.5585738539898133,0.563667232597623,0.015336624503410804,62
49,0.19142799377441405,0.0021718832997315966,0.01434788703918457,0.002390666967259281,5,1,100,"{'max_depth': 5, 'max_features': 1, 'n_estimators': 100}",0.567062818336163,0.5908319185059423,0.5874363327674024,0.5466893039049237,0.5619694397283531,0.5707979626485569,0.016439685483069878,47
50,0.3841846942901611,0.003708136053623633,0.026281452178955077,0.0033133424632487197,5,1,200,"{'max_depth': 5, 'max_features': 1, 'n_estimators': 200}",0.568760611205433,0.5942275042444821,0.5840407470288624,0.5432937181663837,0.5738539898132428,0.5728353140916808,0.017167028400359278,43
51,0.024206876754760742,0.0037011909687099304,0.0029326915740966798,0.003200208220840168,5,2,10,"{'max_depth': 5, 'max_features': 2, 'n_estimators': 10}",0.565365025466893,0.5772495755517827,0.5959252971137521,0.5500848896434635,0.5704584040747029,0.5718166383701189,0.015009871718370347,44
52,0.2126392364501953,0.006214364767466881,0.014651823043823241,0.002969785769914664,5,2,100,"{'max_depth': 5, 'max_features': 2, 'n_estimators': 100}",0.5772495755517827,0.6044142614601019,0.597623089983022,0.5602716468590832,0.5789473684210527,0.5837011884550084,0.01572269867951136,5
53,0.42449302673339845,0.008535173998784054,0.025380325317382813,0.003693365380840762,5,2,200,"{'max_depth': 5, 'max_features': 2, 'n_estimators': 200}",0.5755517826825127,0.6078098471986417,0.5942275042444821,0.5551782682512734,0.5772495755517827,0.5820033955857385,0.01788413457692859,6
54,0.027488136291503908,0.002189148153177735,0.004722499847412109,0.002960367452546935,5,3,10,"{'max_depth': 5, 'max_features': 3, 'n_estimators': 10}",0.5704584040747029,0.601018675721562,0.5908319185059423,0.5619694397283531,0.5721561969439728,0.5792869269949066,0.014382219751814864,11
55,0.23249597549438478,0.004575430764209982,0.013041448593139649,0.0023710682616231737,5,3,100,"{'max_depth': 5, 'max_features': 3, 'n_estimators': 100}",0.5874363327674024,0.6061120543293718,0.5959252971137521,0.5585738539898133,0.5789473684210527,0.5853989813242785,0.016156709342438427,2
56,0.4608257293701172,0.007654748828679766,0.026282262802124024,0.003211346576679694,5,3,200,"{'max_depth': 5, 'max_features': 3, 'n_estimators': 200}",0.5874363327674024,0.6078098471986417,0.5942275042444821,0.5585738539898133,0.5772495755517827,0.5850594227504244,0.01655152136767934,3
57,0.02856788635253906,0.0010180897514028811,0.0025530338287353517,0.0015591902485028203,5,4,10,"{'max_depth': 5, 'max_features': 4, 'n_estimators': 10}",0.5772495755517827,0.6129032258064516,0.597623089983022,0.5602716468590832,0.5415959252971138,0.5779286926994907,0.025469156662273926,19
58,0.24883809089660644,0.002599711641173332,0.012637948989868164,0.0032408750706514056,5,4,100,"{'max_depth': 5, 'max_features': 4, 'n_estimators': 100}",0.5840407470288624,0.6095076400679117,0.5959252971137521,0.5568760611205433,0.5755517826825127,0.5843803056027165,0.017884134576928595,4
59,0.5166056632995606,0.02103093085780679,0.026632165908813475,0.004467721613932896,5,4,200,"{'max_depth': 5, 'max_features': 4, 'n_estimators': 200}",0.5874363327674024,0.6078098471986417,0.5959252971137521,0.567062818336163,0.5738539898132428,0.5864176570458404,0.01470723791355361,1
60,0.0329345703125,0.0035367960240188226,0.004627752304077149,0.003172325070806165,5,5,10,"{'max_depth': 5, 'max_features': 5, 'n_estimators': 10}",0.5857385398981324,0.5806451612903226,0.6044142614601019,0.5721561969439728,0.5415959252971138,0.5769100169779287,0.02058184374966621,26
61,0.2974052429199219,0.022142041232180536,0.014912605285644531,0.00454827666600707,5,5,100,"{'max_depth': 5, 'max_features': 5, 'n_estimators': 100}",0.5789473684210527,0.6078098471986417,0.5959252971137521,0.5602716468590832,0.5534804753820034,0.5792869269949066,0.020581843749666186,11
62,0.5287876605987549,0.004884876850934882,0.023580074310302734,0.004031444278256443,5,5,200,"{'max_depth': 5, 'max_features': 5, 'n_estimators': 200}",0.5857385398981324,0.6061120543293718,0.5925297113752123,0.5636672325976231,0.5568760611205433,0.5809847198641765,0.01826686269108693,8
63,0.03425912857055664,0.00425474946491562,0.004008722305297851,0.0035993947453270827,5,6,10,"{'max_depth': 5, 'max_features': 6, 'n_estimators': 10}",0.5772495755517827,0.5959252971137521,0.5908319185059423,0.5568760611205433,0.5432937181663837,0.5728353140916809,0.02001956261186236,42
64,0.2889914035797119,0.005349261411183182,0.013238859176635743,0.0021595426956448503,5,6,100,"{'max_depth': 5, 'max_features': 6, 'n_estimators': 100}",0.5857385398981324,0.6044142614601019,0.5925297113752123,0.5602716468590832,0.5534804753820034,0.5792869269949067,0.019369725904178847,9
65,0.5685771942138672,0.012571255316560209,0.023710060119628906,0.0031499905453397947,5,6,200,"{'max_depth': 5, 'max_features': 6, 'n_estimators': 200}",0.5806451612903226,0.6027164685908319,0.5959252971137521,0.5636672325976231,0.5534804753820034,0.5792869269949066,0.018641734779369513,11
66,0.03289079666137695,0.0031677194973251128,0.0029236316680908204,0.0024801799486468042,5,7,10,"{'max_depth': 5, 'max_features': 7, 'n_estimators': 10}",0.5840407470288624,0.5925297113752123,0.5823429541595926,0.5534804753820034,0.5432937181663837,0.5711375212224109,0.019166269326546807,46
67,0.3026734352111816,0.002331287084802229,0.015208244323730469,0.0014394118074321951,5,7,100,"{'max_depth': 5, 'max_features': 7, 'n_estimators': 100}",0.5823429541595926,0.6027164685908319,0.6027164685908319,0.5602716468590832,0.5483870967741935,0.5792869269949066,0.02201638720196584,11
68,0.5977426528930664,0.007983449954851793,0.026841163635253906,0.002774756141687681,5,7,200,"{'max_depth': 5, 'max_features': 7, 'n_estimators': 200}",0.5789473684210527,0.601018675721562,0.599320882852292,0.5636672325976231,0.5517826825127334,0.5789473684210528,0.019357817064501497,16
69,0.03314242362976074,0.0020459690271103803,0.006276321411132812,0.001606432924899535,5,8,10,"{'max_depth': 5, 'max_features': 8, 'n_estimators': 10}",0.5789473684210527,0.597623089983022,0.5925297113752123,0.5517826825127334,0.5500848896434635,0.5741935483870967,0.019956109004978097,38
70,0.3157374382019043,0.003925349095968148,0.012474822998046874,0.0030493188939614588,5,8,100,"{'max_depth': 5, 'max_features': 8, 'n_estimators': 100}",0.5789473684210527,0.6078098471986417,0.597623089983022,0.5551782682512734,0.5500848896434635,0.5779286926994907,0.022692067160072823,19
71,0.6405210971832276,0.00660992793612114,0.02779417037963867,0.002143967575289516,5,8,200,"{'max_depth': 5, 'max_features': 8, 'n_estimators': 200}",0.5721561969439728,0.601018675721562,0.5908319185059423,0.5585738539898133,0.5466893039049237,0.5738539898132429,0.020002277045871826,39
72,0.02903742790222168,0.0026868219313716944,0.004336929321289063,0.002535026352749193,10,1,10,"{'max_depth': 10, 'max_features': 1, 'n_estimators': 10}",0.5585738539898133,0.568760611205433,0.5942275042444821,0.5483870967741935,0.565365025466893,0.567062818336163,0.015261259799147173,54
73,0.24785184860229492,0.005200306076181339,0.018390083312988283,0.0038232229940473057,10,1,100,"{'max_depth': 10, 'max_features': 1, 'n_estimators': 100}",0.5857385398981324,0.597623089983022,0.5891341256366723,0.5568760611205433,0.567062818336163,0.5792869269949066,0.015009871718370331,11
74,0.5020648002624511,0.006175831660561009,0.035279035568237305,0.0039493267038567,10,1,200,"{'max_depth': 10, 'max_features': 1, 'n_estimators': 200}",0.5806451612903226,0.6078098471986417,0.597623089983022,0.5568760611205433,0.565365025466893,0.5816638370118845,0.019075819226061965,7
75,0.03184709548950195,0.0038774033342783404,0.005453300476074219,0.001976496787341491,10,2,10,"{'max_depth': 10, 'max_features': 2, 'n_estimators': 10}",0.5585738539898133,0.5908319185059423,0.5942275042444821,0.5517826825127334,0.5382003395585738,0.5667232597623091,0.022094802696091594,55
76,0.29171338081359866,0.003004820797474273,0.0178525447845459,0.001210247511622522,10,2,100,"{'max_depth': 10, 'max_features': 2, 'n_estimators': 100}",0.5806451612903226,0.597623089983022,0.5959252971137521,0.5449915110356537,0.5585738539898133,0.5755517826825127,0.020738107279595856,32
77,0.5731069564819335,0.003348093118011387,0.03256268501281738,0.002355841105277645,10,2,200,"{'max_depth': 10, 'max_features': 2, 'n_estimators': 200}",0.5772495755517827,0.6027164685908319,0.597623089983022,0.5551782682512734,0.5517826825127334,0.5769100169779288,0.02097031939781937,24
78,0.03606019020080566,0.001966620380089801,0.0018322467803955078,0.002270826694985194,10,3,10,"{'max_depth': 10, 'max_features': 3, 'n_estimators': 10}",0.565365025466893,0.5959252971137521,0.5806451612903226,0.5449915110356537,0.5551782682512734,0.5684210526315789,0.018108375722884033,51
79,0.32962923049926757,0.0027225045270878124,0.01821427345275879,0.002922681099791973,10,3,100,"{'max_depth': 10, 'max_features': 3, 'n_estimators': 100}",0.5738539898132428,0.5908319185059423,0.5959252971137521,0.5619694397283531,0.5568760611205433,0.5758913412563668,0.015389160195075932,29
80,0.645635461807251,0.009425615122815017,0.032874011993408205,0.0021498881642702957,10,3,200,"{'max_depth': 10, 'max_features': 3, 'n_estimators': 200}",0.5721561969439728,0.5942275042444821,0.597623089983022,0.5602716468590832,0.5500848896434635,0.5748726655348046,0.01858598598764551,37
81,0.03734121322631836,0.0022815482469049748,0.0058075904846191405,0.003508823436140949,10,4,10,"{'max_depth': 10, 'max_features': 4, 'n_estimators': 10}",0.565365025466893,0.5568760611205433,0.5891341256366723,0.5517826825127334,0.5500848896434635,0.5626485568760612,0.014269542539525096,65
82,0.365388298034668,0.007642440193288797,0.017234992980957032,0.003113036156427424,10,4,100,"{'max_depth': 10, 'max_features': 4, 'n_estimators': 100}",0.5585738539898133,0.5874363327674024,0.5891341256366723,0.5602716468590832,0.5636672325976231,0.5718166383701189,0.013556852141037098,44
83,0.7298880577087402,0.02469549110401445,0.03721332550048828,0.006404592426859921,10,4,200,"{'max_depth': 10, 'max_features': 4, 'n_estimators': 200}",0.5721561969439728,0.5942275042444821,0.5942275042444821,0.5721561969439728,0.5466893039049237,0.5758913412563668,0.017624365734955454,29
84,0.042849254608154294,0.0030863076423331723,0.004845285415649414,0.0029409226689369114,10,5,10,"{'max_depth': 10, 'max_features': 5, 'n_estimators': 10}",0.5636672325976231,0.5382003395585738,0.5840407470288624,0.5297113752122241,0.5500848896434635,0.5531409168081494,0.019220335073799524,76
85,0.40395374298095704,0.0049092462064072254,0.017632722854614258,0.001411040538489553,10,5,100,"{'max_depth': 10, 'max_features': 5, 'n_estimators': 100}",0.568760611205433,0.5738539898132428,0.5908319185059423,0.5568760611205433,0.5415959252971138,0.566383701188455,0.016516653999341678,56
86,0.8415627002716064,0.014831277489156483,0.034051370620727536,0.003642458050397839,10,5,200,"{'max_depth': 10, 'max_features': 5, 'n_estimators': 200}",0.5704584040747029,0.5840407470288624,0.5857385398981324,0.5517826825127334,0.5568760611205433,0.5697792869269949,0.013776205619762831,48
87,0.05793395042419434,0.005729015964168555,0.002647733688354492,0.0019714051215138826,10,6,10,"{'max_depth': 10, 'max_features': 6, 'n_estimators': 10}",0.5823429541595926,0.5806451612903226,0.5806451612903226,0.5551782682512734,0.5314091680814941,0.566044142614601,0.020048338769610215,59
88,0.447750186920166,0.009140442604743388,0.017096185684204103,0.0033211742731091335,10,6,100,"{'max_depth': 10, 'max_features': 6, 'n_estimators': 100}",0.565365025466893,0.5840407470288624,0.6044142614601019,0.5568760611205433,0.5551782682512734,0.5731748726655348,0.018678808203022163,41
89,0.9021178245544433,0.0167796124325067,0.03565459251403809,0.0033938095889556085,10,6,200,"{'max_depth': 10, 'max_features': 6, 'n_estimators': 200}",0.5619694397283531,0.5789473684210527,0.5874363327674024,0.5466893039049237,0.5568760611205433,0.566383701188455,0.014824366691302581,56
90,0.055890893936157225,0.0047266413749941895,0.005370426177978516,0.0022633732060168346,10,7,10,"{'max_depth': 10, 'max_features': 7, 'n_estimators': 10}",0.5500848896434635,0.5755517826825127,0.5568760611205433,0.5246179966044142,0.5229202037351444,0.5460101867572156,0.019990745031626518,85
91,0.47427616119384763,0.010750451416319399,0.01735520362854004,0.002666447559867377,10,7,100,"{'max_depth': 10, 'max_features': 7, 'n_estimators': 100}",0.5551782682512734,0.5772495755517827,0.5942275042444821,0.5517826825127334,0.5500848896434635,0.5657045840407471,0.017294168527330164,61
92,0.9907413482666015,0.009061373449492292,0.04035739898681641,0.002256495233844768,10,7,200,"{'max_depth': 10, 'max_features': 7, 'n_estimators': 200}",0.5636672325976231,0.5823429541595926,0.5857385398981324,0.5568760611205433,0.5415959252971138,0.566044142614601,0.01637644217560271,59
93,0.05522656440734863,0.003440375466849212,0.006011152267456054,0.002412620708632814,10,8,10,"{'max_depth': 10, 'max_features': 8, 'n_estimators': 10}",0.5636672325976231,0.5721561969439728,0.5721561969439728,0.5432937181663837,0.5280135823429541,0.5558573853989813,0.017466650118318064,72
94,0.5349348068237305,0.008898461105329538,0.019928359985351564,0.0010714600613328932,10,8,100,"{'max_depth': 10, 'max_features': 8, 'n_estimators': 100}",0.5551782682512734,0.5772495755517827,0.5857385398981324,0.5483870967741935,0.5483870967741935,0.5629881154499151,0.015545702060794028,63
95,1.075576114654541,0.014972321232051224,0.036602210998535153,0.004132085783813099,10,8,200,"{'max_depth': 10, 'max_features': 8, 'n_estimators': 200}",0.565365025466893,0.5738539898132428,0.601018675721562,0.5432937181663837,0.5483870967741935,0.566383701188455,0.020559423433915935,56
96,0.037951421737670896,0.004903724533887038,0.006187582015991211,0.004046061400537248,15,1,10,"{'max_depth': 15, 'max_features': 1, 'n_estimators': 10}",0.5415959252971138,0.5636672325976231,0.5721561969439728,0.5229202037351444,0.5263157894736842,0.5453310696095076,0.019665103206207464,86
97,0.3327004909515381,0.0089281134302435,0.02572493553161621,0.0032247913786259087,15,1,100,"{'max_depth': 15, 'max_features': 1, 'n_estimators': 100}",0.567062818336163,0.5704584040747029,0.5789473684210527,0.5585738539898133,0.5398981324278438,0.5629881154499151,0.013264533096519274,63
98,0.6715843677520752,0.011855377721322878,0.04073290824890137,0.000971552139696922,15,1,200,"{'max_depth': 15, 'max_features': 1, 'n_estimators': 200}",0.5534804753820034,0.5789473684210527,0.5704584040747029,0.5568760611205433,0.5534804753820034,0.5626485568760612,0.010276907266839776,65
99,0.04425721168518067,0.005522587345314484,0.005898189544677734,0.0027165938171925014,15,2,10,"{'max_depth': 15, 'max_features': 2, 'n_estimators': 10}",0.5585738539898133,0.5398981324278438,0.599320882852292,0.5483870967741935,0.533106960950764,0.5558573853989813,0.02334326280787397,72
100,0.3871034622192383,0.009497246442400551,0.027984428405761718,0.0026296011505954854,15,2,100,"{'max_depth': 15, 'max_features': 2, 'n_estimators': 100}",0.5619694397283531,0.565365025466893,0.5891341256366723,0.5517826825127334,0.5415959252971138,0.5619694397283531,0.015926708861879222,67
101,0.7686044692993164,0.012470047726695846,0.04013137817382813,0.005346002430632052,15,2,200,"{'max_depth': 15, 'max_features': 2, 'n_estimators': 200}",0.5585738539898133,0.567062818336163,0.5925297113752123,0.5534804753820034,0.5314091680814941,0.5606112054329373,0.0198402188903111,69
102,0.0476226806640625,0.004481044305141321,0.005823469161987305,0.0037522092424183157,15,3,10,"{'max_depth': 15, 'max_features': 3, 'n_estimators': 10}",0.5280135823429541,0.5534804753820034,0.568760611205433,0.5314091680814941,0.5110356536502547,0.5385398981324279,0.020271390908793617,93
103,0.43990578651428225,0.014960232834307174,0.02294464111328125,0.001801180531365169,15,3,100,"{'max_depth': 15, 'max_features': 3, 'n_estimators': 100}",0.5517826825127334,0.5602716468590832,0.5840407470288624,0.5449915110356537,0.5365025466893039,0.5555178268251273,0.01626340239704997,74
104,0.838488245010376,0.010564835623335758,0.04009828567504883,0.0008402680202160787,15,3,200,"{'max_depth': 15, 'max_features': 3, 'n_estimators': 200}",0.5432937181663837,0.5636672325976231,0.5942275042444821,0.533106960950764,0.5466893039049237,0.5561969439728353,0.021411046207720778,71
105,0.05228829383850098,0.005779691143917188,0.0034311771392822265,0.0028193901930594384,15,4,10,"{'max_depth': 15, 'max_features': 4, 'n_estimators': 10}",0.5704584040747029,0.5636672325976231,0.565365025466893,0.5195246179966044,0.5178268251273345,0.5473684210526316,0.02354000680806386,81
106,0.45455408096313477,0.014893119976174282,0.01957979202270508,0.0023927576069360085,15,4,100,"{'max_depth': 15, 'max_features': 4, 'n_estimators': 100}",0.5534804753820034,0.5568760611205433,0.5772495755517827,0.5415959252971138,0.5398981324278438,0.5538200339558574,0.013428672280669065,75
107,0.9011622905731201,0.006002341017711852,0.03859190940856934,0.0024211200190141836,15,4,200,"{'max_depth': 15, 'max_features': 4, 'n_estimators': 200}",0.5534804753820034,0.5483870967741935,0.5823429541595926,0.5314091680814941,0.5415959252971138,0.5514431239388795,0.01712668280192666,78
108,0.05174837112426758,0.00201721999020518,0.005337190628051758,0.0018879718633290931,15,5,10,"{'max_depth': 15, 'max_features': 5, 'n_estimators': 10}",0.5280135823429541,0.5619694397283531,0.5500848896434635,0.5263157894736842,0.5178268251273345,0.5368421052631578,0.016474715749688555,95
109,0.49771914482116697,0.004376438144008827,0.020390129089355467,0.003223748171259091,15,5,100,"{'max_depth': 15, 'max_features': 5, 'n_estimators': 100}",0.5517826825127334,0.5568760611205433,0.5704584040747029,0.5127334465195246,0.5297113752122241,0.5443123938879457,0.020531363609957214,88
110,0.9959029674530029,0.006531690422249314,0.03880953788757324,0.002391587103725422,15,5,200,"{'max_depth': 15, 'max_features': 5, 'n_estimators': 200}",0.5568760611205433,0.565365025466893,0.5823429541595926,0.534804753820034,0.5263157894736842,0.5531409168081494,0.020356529422508488,76
111,0.05692558288574219,0.004056537424848881,0.004407835006713867,0.004153472827711155,15,6,10,"{'max_depth': 15, 'max_features': 6, 'n_estimators': 10}",0.534804753820034,0.5382003395585738,0.5246179966044142,0.5280135823429541,0.5127334465195246,0.5276740237691001,0.008880609053054024,98
112,0.5497785091400147,0.008175941355198476,0.021035289764404295,0.0009309500995422643,15,6,100,"{'max_depth': 15, 'max_features': 6, 'n_estimators': 100}",0.5398981324278438,0.5602716468590832,0.5772495755517827,0.5229202037351444,0.5415959252971138,0.5483870967741935,0.01866028069817871,80
113,1.0892709255218507,0.009206961840869611,0.03770318031311035,0.002274245043402706,15,6,200,"{'max_depth': 15, 'max_features': 6, 'n_estimators': 200}",0.5585738539898133,0.5500848896434635,0.568760611205433,0.533106960950764,0.534804753820034,0.5490662139219016,0.01369225477328078,79
114,0.06267437934875489,0.002830448997551826,0.003842926025390625,0.0027943484868568585,15,7,10,"{'max_depth': 15, 'max_features': 7, 'n_estimators': 10}",0.5144312393887945,0.5110356536502547,0.5483870967741935,0.5161290322580645,0.499151103565365,0.5178268251273345,0.016390517332627717,116
115,0.6021446228027344,0.018036332268819795,0.019441604614257812,0.0030446543984565654,15,7,100,"{'max_depth': 15, 'max_features': 7, 'n_estimators': 100}",0.5365025466893039,0.5585738539898133,0.5704584040747029,0.5280135823429541,0.5246179966044142,0.5436332767402376,0.017884134576928654,91
116,1.1865461349487305,0.017889550174250667,0.03808517456054687,0.0026553233575758177,15,7,200,"{'max_depth': 15, 'max_features': 7, 'n_estimators': 200}",0.5500848896434635,0.5602716468590832,0.5755517826825127,0.5246179966044142,0.5212224108658744,0.5463497453310696,0.02080471807407862,82
117,0.0680619716644287,0.003480363066501514,0.00538029670715332,0.0023605695895979007,15,8,10,"{'max_depth': 15, 'max_features': 8, 'n_estimators': 10}",0.5297113752122241,0.5483870967741935,0.5551782682512734,0.5093378607809848,0.534804753820034,0.535483870967742,0.01594841231350407,96
118,0.6313841342926025,0.009711915405524185,0.02013821601867676,0.0002581070426094551,15,8,100,"{'max_depth': 15, 'max_features': 8, 'n_estimators': 100}",0.5534804753820034,0.5551782682512734,0.568760611205433,0.5144312393887945,0.5297113752122241,0.5443123938879457,0.019523879811837102,88
119,1.2587637901306152,0.029404689111295585,0.03676300048828125,0.005890938775260928,15,8,200,"{'max_depth': 15, 'max_features': 8, 'n_estimators': 200}",0.5415959252971138,0.565365025466893,0.565365025466893,0.5280135823429541,0.5178268251273345,0.5436332767402378,0.019280230311142132,90
